id,name,domain,project_id,salary,accounting
1000,yusuf,Programmer,3000,4500,Default
1001,etkin,Analyst,4000,5000,Default
1002,asd,Analyst,4000,5000,Default
1003,dsa,Analyst,4000,5000,Default
1004,adsfadsf,Analyst,4000,5000,WebService
1005,etasdfasdfkin,Analyst,4000,5000,Default
1006,asdfasdf,Analyst,4000,5000,Default
1007,etadsfkin,Analyst,4000,5000,WebService
1008,etkasdfasfin,Analyst,4000,5000,Default
1009,etasdfasdkin,Analyst,4000,5000,WebService
1010,etasdfasdfkin,Analyst,4000,5000,Default
1011,etasdfaskin,Analyst,4000,5000,WebService
1012,esdfastkin,Analyst,4000,5000,Default
